{
  "obs_mean": [
    0.00467635607018153,
    0.015578466247774243,
    -0.01724076692401753,
    -0.005993707883552469
  ],
  "obs_var": [
    0.024926045976950015,
    3.537911630235812,
    0.005972316730017202,
    0.6328426626610769
  ],
  "obs_clip": 10.0
}