{
  "obs_mean": [
    0.00017213543583737665,
    0.0034836071607830016,
    -0.31890838121131004,
    -0.002913712062907814
  ],
  "obs_var": [
    0.0004599239640816236,
    0.12346510329782127,
    0.058610549977748866,
    0.026786136727199174
  ],
  "obs_clip": 10.0
}